-- phpMyAdmin SQL Dump
-- version 4.0.10.7
-- http://www.phpmyadmin.net
--
-- Host: localhost:3306
-- Generation Time: Mar 14, 2018 at 11:22 PM
-- Server version: 5.6.33
-- PHP Version: 5.4.31

SET SQL_MODE = "NO_AUTO_VALUE_ON_ZERO";
SET time_zone = "+00:00";


/*!40101 SET @OLD_CHARACTER_SET_CLIENT=@@CHARACTER_SET_CLIENT */;
/*!40101 SET @OLD_CHARACTER_SET_RESULTS=@@CHARACTER_SET_RESULTS */;
/*!40101 SET @OLD_COLLATION_CONNECTION=@@COLLATION_CONNECTION */;
/*!40101 SET NAMES utf8 */;

--
-- Database: `anarbust_db`
--

-- --------------------------------------------------------

--
-- Table structure for table `bus`
--

CREATE TABLE IF NOT EXISTS `bus` (
  `id` int(11) NOT NULL AUTO_INCREMENT,
  `leader_id` int(11) DEFAULT NULL,
  `driver_id` int(11) DEFAULT NULL,
  `bus_number` varchar(45) DEFAULT NULL,
  `current_latitude` varchar(45) DEFAULT NULL,
  `current_longitude` varchar(45) DEFAULT NULL,
  PRIMARY KEY (`id`),
  KEY `fk_bus_campaign_leader1_idx` (`leader_id`),
  KEY `fk_bus_driver1_idx` (`driver_id`)
) ENGINE=InnoDB  DEFAULT CHARSET=utf8 AUTO_INCREMENT=59 ;

--
-- Dumping data for table `bus`
--

INSERT INTO `bus` (`id`, `leader_id`, `driver_id`, `bus_number`, `current_latitude`, `current_longitude`) VALUES
(1, 1, 1, '789456', '21.5903458', '39.1865255'),
(2, NULL, 2, '123456', '21.5903756', '39.1865228'),
(4, NULL, 3, '12345698765', NULL, NULL),
(5, NULL, 4, '1234', NULL, NULL),
(7, NULL, 6, '123', NULL, NULL),
(8, NULL, 7, '13', NULL, NULL),
(9, NULL, 8, '21', NULL, NULL),
(10, 1, 9, '103', '21.545778', '39.130006'),
(11, NULL, 10, '15', NULL, NULL),
(13, NULL, 12, '16', NULL, NULL),
(14, 1, 13, '24', '21.3957326', '39.3028172'),
(15, 1, 14, '1010', '21.7026798', '39.1138915'),
(16, NULL, 15, '19', '21.3958013', '39.3027615'),
(17, 1, 16, '1111', '21.545666', '39.13005'),
(18, 1, 17, '2525', '21.3958013', '39.3027615'),
(21, NULL, 20, '789456', '21.5903458', '39.1865255'),
(22, NULL, 21, '18182', '21.489018', '39.2465055'),
(23, NULL, 22, '789456', NULL, NULL),
(24, NULL, 23, '852369', NULL, NULL),
(25, NULL, 24, '999', NULL, NULL),
(26, NULL, 25, '888', NULL, NULL),
(27, NULL, 26, '777', NULL, NULL),
(28, NULL, 27, '666', NULL, NULL),
(29, NULL, 28, '555555', NULL, NULL),
(30, NULL, 29, '4444', NULL, NULL),
(31, NULL, 30, '33333', NULL, NULL),
(32, NULL, 31, '222222', NULL, NULL),
(33, NULL, 32, '1111111', NULL, NULL),
(34, NULL, 33, '1212', NULL, NULL),
(35, NULL, 34, '5454', NULL, NULL),
(36, NULL, 35, '75757', NULL, NULL),
(37, NULL, 36, '99898', NULL, NULL),
(38, NULL, 37, '09090', NULL, NULL),
(39, NULL, 38, '76767', NULL, NULL),
(40, NULL, 39, '345665', NULL, NULL),
(41, NULL, 40, '59449', NULL, NULL),
(42, NULL, 41, '84958', NULL, NULL),
(43, NULL, 42, '43556', NULL, NULL),
(44, NULL, 43, '01010', NULL, NULL),
(45, NULL, 44, '8374', NULL, NULL),
(46, NULL, 45, '45677', NULL, NULL),
(47, NULL, 46, '33245', NULL, NULL),
(48, NULL, 47, '88909', NULL, NULL),
(49, NULL, 48, '455555', NULL, NULL),
(50, NULL, 49, '90098', NULL, NULL),
(51, NULL, 50, '78998', NULL, NULL),
(52, NULL, 51, '9898', NULL, NULL),
(53, NULL, 52, '09098', NULL, NULL),
(56, NULL, 55, '789456', NULL, NULL),
(57, NULL, 56, '789564', NULL, NULL),
(58, NULL, 57, '7856321', NULL, NULL);

-- --------------------------------------------------------

--
-- Table structure for table `campaign_leader`
--

CREATE TABLE IF NOT EXISTS `campaign_leader` (
  `id` int(11) NOT NULL AUTO_INCREMENT,
  `name` varchar(45) DEFAULT NULL,
  `password` varchar(45) DEFAULT NULL,
  `hajj_permit` int(11) DEFAULT NULL,
  `national_id` varchar(45) DEFAULT NULL,
  `login_token` varchar(45) NOT NULL,
  PRIMARY KEY (`id`)
) ENGINE=InnoDB  DEFAULT CHARSET=utf8 AUTO_INCREMENT=4 ;

--
-- Dumping data for table `campaign_leader`
--

INSERT INTO `campaign_leader` (`id`, `name`, `password`, `hajj_permit`, `national_id`, `login_token`) VALUES
(1, 'leader1', '123', NULL, '123', 'e6aa70f59b1b040d5c2d3d6fbab33d35'),
(2, 'Majed', '12345', 112233, '12345', '113e0c00d3442ba03c1defb89dcc04b1'),
(3, '34534', '345', 354, '345', 'NULL');

-- --------------------------------------------------------

--
-- Table structure for table `driver`
--

CREATE TABLE IF NOT EXISTS `driver` (
  `id` int(11) NOT NULL AUTO_INCREMENT,
  `name` varchar(45) DEFAULT NULL,
  `password` varchar(45) DEFAULT NULL,
  `language` varchar(2) DEFAULT NULL,
  `national_id` varchar(45) DEFAULT NULL,
  `status` int(11) DEFAULT NULL,
  `login_token` varchar(45) NOT NULL,
  `phone` varchar(45) NOT NULL DEFAULT '0',
  PRIMARY KEY (`id`)
) ENGINE=InnoDB  DEFAULT CHARSET=utf8 AUTO_INCREMENT=58 ;

--
-- Dumping data for table `driver`
--

INSERT INTO `driver` (`id`, `name`, `password`, `language`, `national_id`, `status`, `login_token`, `phone`) VALUES
(1, 'driver1', '456', 'ar', '456', 1, '434465d06067b9c0280cc329194b2424', '789'),
(2, 'driver2', '789', 'ar', '789', 1, '79e8aceeaec57f8a5147a9fa3ec7d833', '123'),
(3, 'hghj', '234', NULL, '234', 1, 'NULL', '65464'),
(4, 'Khaled', '11002233', NULL, '11002233', 1, 'NULL', '056456789'),
(6, 'Nawaf', '1234', NULL, '1234', 1, 'ac939eca69cc58db3def900094f00f95', '051234567'),
(7, 'Rawan', '7771', NULL, '7771', 1, 'NULL', '0123486564'),
(8, 'Abrar', '2121', NULL, '2121', 1, '218f35a34f1e96840b91c18e707c997a', '056335422'),
(9, 'driver103', '103', NULL, '103', 1, 'd6f17b1ef8dd9243d3d83d37aaba9ed4', '103'),
(10, 'MOH', '151515', NULL, '151515', 1, '3b9c9af324c78ed31daacd7b471f8277', '01235689'),
(12, 'John', '1616', NULL, '1616', 1, 'NULL', '03457896367'),
(13, 'SAT', '2424', NULL, '2424', 1, 'b6ebe83f5389a9cd117cc0e39ab76eb1', '0123456789'),
(14, 'saturday', '1010', NULL, '1010', 1, 'aa1b5f53ef0548cff2de0354a1fa3786', '6875357979'),
(15, 'test', '1919', NULL, '1919', 1, 'bfbbcdea341e5244d86d551e0557a79e', '8475069834'),
(16, 'final', '1111', NULL, '1111', 1, '161eb2af072f863e935b1f17cf510171', '1111'),
(17, 'Test25', '252525', NULL, '252525', 1, '8e0f813afedc13378c6c2f6b3ad36501', '7654246897'),
(20, 'Norah', '456', NULL, '456', 1, '3e5236731625d56e4430931fb01a1e73', '0537363560'),
(21, 'Majed', '1100555666', NULL, '1100555666', 1, 'ba1fd8214c6bb2f94d1e633a86de6b1f', '0562256152'),
(22, 'userTest', '789456', NULL, '789456', 1, 'NULL', '789456'),
(23, 'test', '852369', NULL, '852369', 1, 'NULL', '852369'),
(24, 'yousef', '1234554321', NULL, '1234554321', 1, 'NULL', '098743289'),
(25, 'mohammed', '5544332211', NULL, '5544332211', 1, 'NULL', '12345678987'),
(26, 'ahmed', '111122221', NULL, '111122221', 1, 'NULL', '77886655478'),
(27, 'khaled', '22222222', NULL, '22222222', 1, 'NULL', '987654324'),
(28, 'mohammeed', '344334453', NULL, '344334453', 1, 'NULL', '9874434498'),
(29, 'nawaf', '4444444', NULL, '4444444', 1, 'NULL', '89835459'),
(30, 'majed', '566777609', NULL, '566777609', 1, 'NULL', '435640954'),
(31, 'haifa', '222211', NULL, '222211', 1, 'NULL', '21435463574'),
(32, 'driveer', '12349098765', NULL, '12349098765', 1, 'NULL', '4455450908'),
(33, 'nawaf', '2939404', NULL, '2939404', 1, 'NULL', '0504300032'),
(34, 'ahmad', '3987584', NULL, '3987584', 1, 'NULL', '0537363560'),
(35, 'ali', '4345566', NULL, '4345566', 1, 'NULL', '0591122321'),
(36, 'majed', '5464333', NULL, '5464333', 1, 'NULL', '0507221154'),
(37, 'saad', '345678', NULL, '345678', 1, 'NULL', '0567890456'),
(38, 'jmeel', '887654', NULL, '887654', 1, 'NULL', '051354678'),
(39, 'fahad', '857667', NULL, '857667', 1, 'NULL', '0598788765'),
(40, 'kaleed', '578766', NULL, '578766', 1, 'NULL', '0593443567'),
(41, 'fares', '12223', NULL, '12223', 1, 'NULL', '0507685912'),
(42, 'waleed', '122344', NULL, '122344', 1, 'NULL', '0534556089'),
(43, 'hatem', '65743', NULL, '65743', 1, 'NULL', '0502344321'),
(44, 'maher', '111223', NULL, '111223', 1, 'NULL', '0592365567'),
(45, 'kaleel', '00987', NULL, '00987', 1, 'NULL', '0504776567'),
(46, 'mosa', '23366', NULL, '23366', 1, 'NULL', '0598998765'),
(47, 'talal', '76888', NULL, '76888', 1, 'NULL', '053455567'),
(48, 'ali', '55466', NULL, '55466', 1, 'NULL', '0598877877'),
(49, 'mosab', '67887', NULL, '67887', 1, 'NULL', '05067899876'),
(50, 'ayeed', '29958', NULL, '29958', 1, 'NULL', '0538865434'),
(51, 'tammem', '9938', NULL, '9938', 1, 'NULL', '0598923456'),
(52, 'rame ', '66767', NULL, '66767', 1, 'NULL', '05046384859'),
(55, 'Norah', '058923123', NULL, '058923123', -1, 'NULL', '456'),
(56, 'USERTEST', '589624', NULL, '589624', -1, 'NULL', '564645'),
(57, 'AHMAD', '252586332', NULL, '252586332', -1, 'NULL', '584568');

-- --------------------------------------------------------

--
-- Table structure for table `location`
--

CREATE TABLE IF NOT EXISTS `location` (
  `id` int(11) NOT NULL AUTO_INCREMENT,
  `latitude` varchar(45) NOT NULL,
  `longitude` varchar(45) DEFAULT NULL,
  PRIMARY KEY (`id`,`latitude`)
) ENGINE=InnoDB  DEFAULT CHARSET=utf8 AUTO_INCREMENT=155 ;

--
-- Dumping data for table `location`
--

INSERT INTO `location` (`id`, `latitude`, `longitude`) VALUES
(1, '21.688220', '39.099535'),
(2, '21.545778', '39.130006'),
(3, '21.508501', '39.171527'),
(4, '21.488866', '39.246307'),
(5, '21.436451789477537', '39.90234375'),
(6, '21.436451789477537', '39.90234375'),
(7, '21.436451789477537', '39.90234375'),
(8, '21.454346773409668', '39.91779327392578'),
(9, '21.454346773409668', '39.91779327392578'),
(10, '21.437090933846832', '39.91676330566406'),
(11, '21.454346773409668', '39.91779327392578'),
(12, '21.437090933846832', '39.91676330566406'),
(13, '21.711662713668247', '39.115447998046875'),
(14, '21.617217689009173', '39.153900146484375'),
(15, '21.482463024691786', '39.197845458984375'),
(16, '21.403212426317424', '39.37019348144531'),
(17, '21.351420669564607', '39.561767578125'),
(18, '21.413121104723697', '39.895477294921875'),
(19, '21.39490140390222', '39.87007141113281'),
(20, '21.459459222645662', '39.89513397216797'),
(21, '21.441245304007914', '39.85908508300781'),
(22, '21.459459222645662', '39.89513397216797'),
(23, '21.441245304007914', '39.85908508300781'),
(24, '21.459459222645662', '39.89513397216797'),
(25, '21.441245304007914', '39.85908508300781'),
(26, '21.45498583936925', '39.877281188964844'),
(27, '21.471600570858335', '39.90680694580078'),
(28, '21.460417786915684', '40.00053405761719'),
(29, '21.492366320414362', '39.99847412109375'),
(30, '21.50642145389133', '40.02490997314453'),
(31, '21.523988460325043', '40.06336212158203'),
(32, '21.51855888506363', '40.07434844970703'),
(33, '21.460417786915684', '40.00053405761719'),
(34, '21.51696191255134', '40.092201232910156'),
(35, '21.492366320414362', '39.99847412109375'),
(36, '21.5176007036622', '40.10112762451172'),
(37, '21.50642145389133', '40.02490997314453'),
(38, '21.521433391359025', '40.11589050292969'),
(39, '21.523988460325043', '40.06336212158203'),
(40, '21.51855888506363', '40.07434844970703'),
(41, '21.51696191255134', '40.092201232910156'),
(42, '21.5176007036622', '40.10112762451172'),
(43, '21.521433391359025', '40.11589050292969'),
(44, '21.460417786915684', '40.00053405761719'),
(45, '21.492366320414362', '39.99847412109375'),
(46, '21.50642145389133', '40.02490997314453'),
(47, '21.523988460325043', '40.06336212158203'),
(48, '21.51855888506363', '40.07434844970703'),
(49, '21.51696191255134', '40.092201232910156'),
(50, '21.5176007036622', '40.10112762451172'),
(51, '21.521433391359025', '40.11589050292969'),
(52, '21.41376035122644', '39.896507263183594'),
(53, '21.3869095907412', '39.89238739013672'),
(54, '21.41376035122644', '39.896507263183594'),
(55, '21.3869095907412', '39.89238739013672'),
(56, '21.384991490613558', '39.864234924316406'),
(57, '21.353019454568614', '39.97821807861328'),
(58, '21.384352118316357', '39.86183166503906'),
(59, '21.38051582586394', '39.874534606933594'),
(60, '21.36932606518861', '39.8858642578125'),
(61, '21.353019454568614', '39.97821807861328'),
(62, '21.33415268046059', '39.94525909423828'),
(63, '21.423284282806435', '39.82685549026121'),
(64, '21.35067212345013', '39.962564946719226'),
(65, '21.423284282806435', '39.82685549026121'),
(66, '21.35067212345013', '39.962564946719226'),
(67, '21.423284282806435', '39.82685549026121'),
(68, '21.35067212345013', '39.962564946719226'),
(69, '21.38715009019966', '39.85833281604471'),
(70, '21.366689093003345', '39.97368926135721'),
(71, '21.432441751330813', '39.98760534081782'),
(72, '21.412626343513843', '39.993785150388135'),
(73, '21.432441751330813', '39.98760534081782'),
(74, '21.412626343513843', '39.993785150388135'),
(75, '21.440750630781718', '39.89041639821778'),
(76, '21.415502933175755', '39.88835646169434'),
(77, '21.43691581875419', '39.90311934011231'),
(78, '21.389611521980733', '39.902776017358406'),
(79, '21.4248189298863', '39.82627358164427'),
(80, '21.415869901812634', '39.895109793802476'),
(81, '21.422533814638786', '39.8274325031648'),
(82, '21.418059299131233', '39.89541040843824'),
(83, '21.364354989643406', '39.97422748654458'),
(84, '21.431323203901307', '39.90435047405015'),
(85, '21.417101018132918', '39.908642008473976'),
(86, '21.431323203901307', '39.90435047405015'),
(87, '21.417101018132918', '39.908642008473976'),
(88, '21.431323203901307', '39.90435047405015'),
(89, '21.417101018132918', '39.908642008473976'),
(90, '21.431323203901307', '39.90435047405015'),
(91, '21.417101018132918', '39.908642008473976'),
(92, '21.431323203901307', '39.90435047405015'),
(93, '21.417101018132918', '39.908642008473976'),
(94, '21.431323203901307', '39.90435047405015'),
(95, '21.417101018132918', '39.908642008473976'),
(96, '21.431323203901307', '39.90435047405015'),
(97, '21.417101018132918', '39.908642008473976'),
(98, '21.431323203901307', '39.90435047405015'),
(99, '21.417101018132918', '39.908642008473976'),
(100, '21.431323203901307', '39.90435047405015'),
(101, '21.417101018132918', '39.908642008473976'),
(102, '21.431323203901307', '39.90435047405015'),
(103, '21.417101018132918', '39.908642008473976'),
(104, '21.431323203901307', '39.90435047405015'),
(105, '21.417101018132918', '39.908642008473976'),
(106, '21.431323203901307', '39.90435047405015'),
(107, '21.417101018132918', '39.908642008473976'),
(108, '21.431323203901307', '39.90435047405015'),
(109, '21.417101018132918', '39.908642008473976'),
(110, '21.431323203901307', '39.90435047405015'),
(111, '21.417101018132918', '39.908642008473976'),
(112, '21.431323203901307', '39.90435047405015'),
(113, '21.417101018132918', '39.908642008473976'),
(114, '21.432122162000873', '39.903148844411476'),
(115, '21.421575562998274', '39.90726871745835'),
(116, '21.432122162000873', '39.90349216716538'),
(117, '21.412626336198212', '39.90932865398179'),
(118, '21.432122162000873', '39.90349216716538'),
(119, '21.412626336198212', '39.90932865398179'),
(120, '21.432122162000873', '39.90349216716538'),
(121, '21.412626336198212', '39.90932865398179'),
(122, '21.432122162000873', '39.90349216716538'),
(123, '21.412626336198212', '39.90932865398179'),
(124, '21.432122162000873', '39.90349216716538'),
(125, '21.412626336198212', '39.90932865398179'),
(126, '21.432122162000873', '39.90349216716538'),
(127, '21.412626336198212', '39.90932865398179'),
(128, '21.432122162000873', '39.90349216716538'),
(129, '21.412626336198212', '39.90932865398179'),
(130, '21.432122162000873', '39.90349216716538'),
(131, '21.412626336198212', '39.90932865398179'),
(132, '21.432122162000873', '39.90349216716538'),
(133, '21.412626336198212', '39.90932865398179'),
(134, '21.432122162000873', '39.90349216716538'),
(135, '21.412626336198212', '39.90932865398179'),
(136, '21.395045902054292', '39.80942173259507'),
(137, '21.411667457952845', '39.82143802898179'),
(138, '21.395045902054292', '39.80942173259507'),
(139, '21.411667457952845', '39.82143802898179'),
(140, '21.395045902054292', '39.80942173259507'),
(141, '21.411667457952845', '39.82143802898179'),
(142, '[', ''),
(143, '21.455130278072886', '39.89731235759507'),
(144, '21.425730374762914', '39.90623874919663'),
(145, '21.382898185502164', '39.866099491288765'),
(146, '21.391529561533513', '39.8461867715622'),
(147, '21.430843826942453', '39.99550266521226'),
(148, '21.42029713559619', '39.9924127604271'),
(149, '21.430843826942453', '39.99550266521226'),
(150, '21.42029713559619', '39.9924127604271'),
(151, '21.430843826942453', '39.99550266521226'),
(152, '21.42029713559619', '39.9924127604271'),
(153, '21.44554400407334', '39.85954685466538'),
(154, '21.456088870810046', '39.872936442067726');

-- --------------------------------------------------------

--
-- Table structure for table `office`
--

CREATE TABLE IF NOT EXISTS `office` (
  `id` int(11) NOT NULL AUTO_INCREMENT,
  `name` varchar(45) DEFAULT NULL,
  `password` varchar(45) DEFAULT NULL,
  PRIMARY KEY (`id`)
) ENGINE=InnoDB  DEFAULT CHARSET=utf8 AUTO_INCREMENT=2 ;

--
-- Dumping data for table `office`
--

INSERT INTO `office` (`id`, `name`, `password`) VALUES
(1, 'police1', '123');

-- --------------------------------------------------------

--
-- Table structure for table `path`
--

CREATE TABLE IF NOT EXISTS `path` (
  `id` int(11) NOT NULL AUTO_INCREMENT,
  `name` varchar(45) DEFAULT NULL,
  `creation_date` timestamp NULL DEFAULT NULL,
  PRIMARY KEY (`id`)
) ENGINE=InnoDB  DEFAULT CHARSET=utf8 AUTO_INCREMENT=57 ;

--
-- Dumping data for table `path`
--

INSERT INTO `path` (`id`, `name`, `creation_date`) VALUES
(1, 'path1', '2018-02-08 21:14:41'),
(2, 'path2', '2018-02-08 21:14:56'),
(3, 'path3', '2018-02-09 00:33:21'),
(7, 'test', '2018-02-09 00:38:32'),
(8, 'Path-Test', '2018-02-09 14:42:26'),
(9, 'pathtest', '2018-02-09 19:10:43'),
(10, '', '2018-02-09 23:39:58'),
(11, 'bb', '2018-02-09 23:40:17'),
(12, 'nnn', '2018-02-10 00:14:42'),
(13, 'path11', '2018-02-10 00:29:43'),
(14, 'path2', '2018-02-10 00:30:06'),
(15, 'path2', '2018-02-10 00:30:07'),
(16, 'makk-Muzd', '2018-02-10 11:17:43'),
(17, 'makk-arafa', '2018-02-10 11:26:22'),
(18, 'maka-path', '2018-02-10 12:37:01'),
(19, 'Arfa-uni', '2018-02-10 21:10:47'),
(20, 'Haram-%20Arafa', '2018-02-18 14:19:52'),
(21, 'Haram-%20Arafa', '2018-02-18 14:19:52'),
(23, 'haram-arfa', '2018-02-20 08:33:20'),
(24, 'sdfs', '2018-02-28 22:13:49'),
(25, 'testtttt', '2018-03-02 12:30:21'),
(26, 'sdffaaf', '2018-03-05 17:14:44'),
(27, 'AlHaram%20-%20Mena', '2018-03-12 15:13:18'),
(28, '%u0639%u0631%u0641%u0629%20', '2018-03-14 14:29:28'),
(29, '%u0639%u0631%u0641%u0629%20', '2018-03-14 18:02:58'),
(30, '%u0637%u0631%u064A%u0642%20%u062A%u062C%u0631', '2018-03-14 18:12:33'),
(31, '%u0637%u0631%u064A%u0642%20%u062A%u062C%u0631', '2018-03-14 18:13:14'),
(32, '%u0637%u0631%u064A%u0642%20%u062A%u062C%u0631', '2018-03-14 18:14:29'),
(33, '%u0637%u0631%u064A%u06421', '2018-03-14 18:16:39'),
(34, 'sdfj', '2018-03-14 18:17:17'),
(35, '%u0637%u0631%u064A%u06421', '2018-03-14 18:18:20'),
(40, '%u0637%u0631%u064A%u06422', '2018-03-14 18:28:22'),
(41, '%u0637%u0631%u064A%u06422', '2018-03-14 18:28:32'),
(42, '%u0628%u0627%u062B', '2018-03-14 18:28:43'),
(43, '%u0628%u0627%u062B', '2018-03-14 18:28:59'),
(44, '%u0645%u0643%u0629', '2018-03-14 18:29:27'),
(45, '%u0645%u0643%u0629', '2018-03-14 18:30:24'),
(46, ' طريق', '2018-03-14 18:34:21'),
(47, '%u0637%u0631%u064A%u0642', '2018-03-14 18:36:55'),
(48, '%u0645%u0643%u0629', '2018-03-14 18:38:16'),
(49, '%u0637%u0631%u064A%u06421', '2018-03-14 18:41:21'),
(52, '%u0637%u0631%u064A%u06421', '2018-03-14 18:45:06'),
(54, '%u0633%u064A%u0628', '2018-03-14 18:47:01'),
(56, '%u0637%u0631%u064A%u0642%20%u062A%u062C%u0631', '2018-03-14 18:59:00');

-- --------------------------------------------------------

--
-- Table structure for table `path_points`
--

CREATE TABLE IF NOT EXISTS `path_points` (
  `id` int(11) NOT NULL AUTO_INCREMENT,
  `path_id` int(11) DEFAULT NULL,
  `location_id` int(11) DEFAULT NULL,
  PRIMARY KEY (`id`),
  KEY `fk_path_points_path_idx` (`path_id`),
  KEY `fk_path_points_location1_idx` (`location_id`)
) ENGINE=InnoDB  DEFAULT CHARSET=utf8 AUTO_INCREMENT=153 ;

--
-- Dumping data for table `path_points`
--

INSERT INTO `path_points` (`id`, `path_id`, `location_id`) VALUES
(1, 1, 1),
(2, 1, 2),
(3, 2, 3),
(4, 2, 4),
(7, 7, 9),
(8, 7, 10),
(9, 7, 11),
(11, 8, 13),
(12, 8, 14),
(13, 8, 15),
(14, 8, 16),
(15, 8, 17),
(16, 9, 18),
(17, 9, 19),
(18, 10, 20),
(19, 10, 21),
(20, 11, 22),
(21, 11, 23),
(22, 11, 24),
(23, 11, 25),
(24, 12, 26),
(25, 12, 27),
(26, 14, 28),
(27, 14, 29),
(28, 14, 30),
(29, 14, 31),
(30, 14, 32),
(31, 15, 33),
(32, 14, 34),
(33, 15, 35),
(34, 14, 36),
(35, 15, 37),
(36, 14, 38),
(37, 15, 39),
(38, 15, 40),
(39, 15, 41),
(40, 15, 42),
(41, 15, 43),
(42, 15, 44),
(43, 15, 45),
(44, 15, 46),
(45, 15, 47),
(46, 15, 48),
(47, 15, 49),
(48, 15, 50),
(49, 15, 51),
(50, 16, 52),
(51, 16, 53),
(52, 17, 54),
(53, 17, 55),
(54, 17, 56),
(55, 17, 57),
(56, 18, 58),
(57, 18, 59),
(58, 18, 60),
(59, 19, 61),
(60, 19, 62),
(61, 20, 63),
(62, 20, 64),
(63, 21, 65),
(64, 21, 66),
(65, 21, 67),
(66, 21, 68),
(67, 23, 69),
(68, 23, 70),
(69, 24, 71),
(70, 24, 72),
(71, 24, 73),
(72, 24, 74),
(73, 25, 75),
(74, 25, 76),
(75, 26, 77),
(76, 26, 78),
(77, 27, 79),
(78, 27, 80),
(79, 28, 81),
(80, 28, 82),
(81, 29, 83),
(82, 30, 84),
(83, 30, 85),
(84, 31, 86),
(85, 31, 87),
(86, 31, 88),
(87, 31, 89),
(88, 32, 90),
(89, 32, 91),
(90, 32, 92),
(91, 32, 93),
(92, 32, 94),
(93, 32, 95),
(94, 33, 96),
(95, 33, 97),
(96, 33, 98),
(97, 33, 99),
(98, 33, 100),
(99, 33, 101),
(100, 33, 102),
(101, 33, 103),
(102, 34, 104),
(103, 34, 105),
(104, 34, 106),
(105, 34, 107),
(106, 34, 108),
(107, 34, 109),
(108, 34, 110),
(109, 34, 111),
(110, 34, 112),
(111, 34, 113),
(112, 35, 114),
(113, 35, 115),
(114, 40, 116),
(115, 40, 117),
(116, 41, 118),
(117, 41, 119),
(118, 41, 120),
(119, 41, 121),
(120, 42, 122),
(121, 42, 123),
(122, 42, 124),
(123, 42, 125),
(124, 42, 126),
(125, 42, 127),
(126, 43, 128),
(127, 43, 129),
(128, 43, 130),
(129, 43, 131),
(130, 43, 132),
(131, 43, 133),
(132, 43, 134),
(133, 43, 135),
(134, 44, 136),
(135, 44, 137),
(136, 45, 138),
(137, 45, 139),
(138, 45, 140),
(139, 45, 141),
(140, 46, 142),
(141, 47, 143),
(142, 47, 144),
(143, 48, 145),
(144, 48, 146),
(145, 49, 147),
(146, 49, 148),
(147, 52, 149),
(148, 52, 150),
(149, 52, 151),
(150, 52, 152),
(151, 56, 153),
(152, 56, 154);

-- --------------------------------------------------------

--
-- Table structure for table `road_portion`
--

CREATE TABLE IF NOT EXISTS `road_portion` (
  `id` int(11) NOT NULL AUTO_INCREMENT,
  `path_id` int(11) DEFAULT NULL,
  `bus_id` int(11) DEFAULT NULL,
  `reroute_date` timestamp NULL DEFAULT NULL,
  `office_id` int(11) DEFAULT NULL,
  PRIMARY KEY (`id`),
  KEY `fk_road_portion_path1_idx` (`path_id`),
  KEY `fk_road_portion_office1_idx` (`office_id`),
  KEY `fk_road_portion_bus1_idx` (`bus_id`)
) ENGINE=InnoDB  DEFAULT CHARSET=utf8 AUTO_INCREMENT=45 ;

--
-- Dumping data for table `road_portion`
--

INSERT INTO `road_portion` (`id`, `path_id`, `bus_id`, `reroute_date`, `office_id`) VALUES
(8, 13, 15, '2018-02-10 20:02:28', NULL),
(9, 13, 13, '2018-02-10 20:02:28', NULL),
(10, 16, 1, '2018-02-13 11:12:52', NULL),
(11, 19, 14, '2018-02-10 21:11:15', NULL),
(12, 19, 16, '2018-02-10 21:11:15', NULL),
(13, 21, 17, '2018-02-18 14:20:57', NULL),
(14, 19, 18, '2018-02-10 21:11:15', NULL),
(15, 21, 21, '2018-02-18 14:20:57', NULL),
(16, 23, 22, '2018-02-20 08:33:52', NULL),
(17, 2, 10, '2018-02-28 22:14:17', NULL),
(18, 2, 17, '2018-02-28 22:14:17', NULL),
(19, 2, 22, '2018-02-28 22:14:17', NULL),
(20, 25, 21, '2018-03-02 12:31:03', NULL),
(21, 25, 17, '2018-03-02 12:31:03', NULL),
(22, 25, 21, '2018-03-02 12:31:41', NULL),
(23, 25, 17, '2018-03-02 12:31:41', NULL),
(24, 27, 1, '2018-03-12 15:16:32', NULL),
(25, 27, 2, '2018-03-12 15:16:32', NULL),
(26, 27, 10, '2018-03-12 15:16:32', NULL),
(27, 27, 14, '2018-03-12 15:16:32', NULL),
(28, 27, 15, '2018-03-12 15:16:33', NULL),
(29, 27, 16, '2018-03-12 15:16:34', NULL),
(30, 27, 17, '2018-03-12 15:16:34', NULL),
(31, 27, 18, '2018-03-12 15:16:35', NULL),
(32, 27, 21, '2018-03-12 15:16:35', NULL),
(33, 27, 22, '2018-03-12 15:16:35', NULL),
(34, 27, 1, '2018-03-12 15:18:54', NULL),
(35, 27, 2, '2018-03-12 15:18:54', NULL),
(36, 27, 10, '2018-03-12 15:18:54', NULL),
(37, 27, 14, '2018-03-12 15:18:54', NULL),
(38, 27, 15, '2018-03-12 15:18:54', NULL),
(39, 27, 16, '2018-03-12 15:18:54', NULL),
(40, 27, 17, '2018-03-12 15:18:55', NULL),
(41, 27, 18, '2018-03-12 15:18:55', NULL),
(42, 27, 21, '2018-03-12 15:18:55', NULL),
(43, 27, 22, '2018-03-12 15:18:55', NULL),
(44, 3, 17, '2018-03-14 15:07:31', NULL);

--
-- Constraints for dumped tables
--

--
-- Constraints for table `bus`
--
ALTER TABLE `bus`
  ADD CONSTRAINT `fk_bus_campaign_leader1` FOREIGN KEY (`leader_id`) REFERENCES `campaign_leader` (`id`) ON DELETE NO ACTION ON UPDATE NO ACTION,
  ADD CONSTRAINT `fk_bus_driver1` FOREIGN KEY (`driver_id`) REFERENCES `driver` (`id`) ON DELETE NO ACTION ON UPDATE NO ACTION;

--
-- Constraints for table `path_points`
--
ALTER TABLE `path_points`
  ADD CONSTRAINT `fk_path_points_location1` FOREIGN KEY (`location_id`) REFERENCES `location` (`id`) ON DELETE NO ACTION ON UPDATE NO ACTION,
  ADD CONSTRAINT `fk_path_points_path` FOREIGN KEY (`path_id`) REFERENCES `path` (`id`) ON DELETE NO ACTION ON UPDATE NO ACTION;

--
-- Constraints for table `road_portion`
--
ALTER TABLE `road_portion`
  ADD CONSTRAINT `fk_road_portion_bus1` FOREIGN KEY (`bus_id`) REFERENCES `bus` (`id`) ON DELETE NO ACTION ON UPDATE NO ACTION,
  ADD CONSTRAINT `fk_road_portion_office1` FOREIGN KEY (`office_id`) REFERENCES `office` (`id`) ON DELETE NO ACTION ON UPDATE NO ACTION,
  ADD CONSTRAINT `fk_road_portion_path1` FOREIGN KEY (`path_id`) REFERENCES `path` (`id`) ON DELETE NO ACTION ON UPDATE NO ACTION;

/*!40101 SET CHARACTER_SET_CLIENT=@OLD_CHARACTER_SET_CLIENT */;
/*!40101 SET CHARACTER_SET_RESULTS=@OLD_CHARACTER_SET_RESULTS */;
/*!40101 SET COLLATION_CONNECTION=@OLD_COLLATION_CONNECTION */;
